# Redirect old URLs to new ones

/services/      /service.html        301
/about-us/      /about.html          301
/products/      /product.html        301
/contact-us/    /contact.html        301
/power-chargers/    /power-charger.html   301
/wireless-chargers/ /wireless-charger.html 301
/car-chargers/      /car-charger.html     301

# Catch-all: redirect any unknown path to homepage
/*              /index.html          301
